file,emoji,keywords_ru,keywords_en,story,score,size_kb
01-pill-x.tgs,💊,"таблетка, колёса, xtc, дроп, монета","pill, xtc, drop, coin, spin","таблетка-монета приседает, взлетает и делает тяжёлый двойной оборот с торцом, приземляется с отскоком и ловит ✦-блик",33,4.2
44-cross-amen.tgs,🙏,"аминь, благословляю, молюсь, спасибо, крест","amen, bless, pray, thank you, cross","буквы слетаются в крест-лого X·XTC·C, щелчок сборки, крест делает тяжёлый 360 с торцом и вспыхивает ✦ на концах",32,5.7
50-soldout-tee.tgs,🔥,"sold out, раскупили, нет в наличии, дроп, горит","sold out, gone, hot drop, xtc, fire","лонгслив XTC покачивается на вешалке — сверху бьёт штамп SOLD OUT, вещь дёргается, из-под штампа пыхает дым",33,4.1
47-flipclock.tgs,⏳,"ждём, скоро, таймер, дроп, отсчёт","waiting, soon, countdown, timer, drop","таймер дропа щёлкает 03 → 02 → 01 → 00, на нулях табло бьёт вспышкой и дрожит, потом взводится обратно",31,3.9
48-board-payme.tgs,💸,"плати, оплата, скинь денег, pay me, xtc","pay me, pay, money, xtc, send money","закреп-табло XTC перещёлкивается волной в PAY, потом в ME ✦ — каждая буква толкает табло",31,3.4
49-board-dropnow.tgs,🚀,"дроп, сейчас, старт, погнали, drop now","drop now, launch, go, live, drop","табло DROP перещёлкивается в NOW!, дрожит от нагрузки и рвётся вверх с растяжкой, приземляется с отскоком",32,4.1
45-buckle-lock.tgs,🔒,"застегнись, договорились, замок, закрыто, ремень","lock, deal, locked, belt, buckle","ремень с люверсами захлёстывается дугой-дужкой в массивную пряжку, язычок щёлкает — замок закрыт, ✦ по хрому",32,2.0
51-latex-heart.tgs,🖤,"латекс, чёрное сердце, люблю, глянец, xtc","latex, black heart, love, gloss, xtc","глянцевое сердце медленно вдыхает, на пике по латексу бегут два блика, резиновый отскок, ✦ на кромке",31,1.3
52-psp.tgs,🎮,"играю, залипаю, геймер, psp, мини-апп","gaming, playing, psp, gamer, mini app","PSP в руках: кнопки жмутся комбо, корпус кренится за нажатиями, экран мигает XTC — вибро-отдача и ✦",31,2.3
53-bag-xtc.tgs,👜,"сумка, шоппинг, xtc, покупка, мерч","bag, shopping, xtc, merch, purchase","сумка XTC висит на пальце за ручку: раскачивается маятником, закручивается на 410° и раскручивается обратно с затуханием, ✦",32,3.2
46-eyelets-wow.tgs,😮,"вау, ого, офигеть, люверсы, о","wow, whoa, oh, eyelets, surprised","три люверса по очереди защёлкиваются прессом (удар, волна-кольцо, ✦) и складываются в o o / O — рот-люверс ахает",30,2.6
29-drip-xtc.tgs,💦,"капает, течёт, мокро, xtc, сочно","dripping, wet, drip, xtc, juicy","XTC трясётся желе волной по буквам, с нижних кромок набухают подтёки, тянутся и срываются каплями",31,2.4
20-split-pill.tgs,🤝,"договорились, сделка, половинки, вместе, мэтч","deal, handshake, halves, together, match","две половинки таблетки парят порознь, магнит тянет — дрожат и ползут навстречу, щёлк! схлопываются, из шва брызгают ✦, держатся, потом нехотя разлипаются",32,2.3
16-heart-pill.tgs,💖,"сердечко, мармелад, желе, мило, таблетка","heart pill, jelly, gummy, cute, candy","сердце-таблетка приседает, подпрыгивает и шлёпается желе: 128/76, мармеладная тряска с затуханием, X на лице отстаёт, ✦ на глянце",31,1.4
54-laugh.tgs,😂,"ржу, смешно, лол, ахаха, слёзы","lol, laugh, lmao, crying laughing, haha",">▽< набирает воздух и ржёт — тело трясёт басом, слёзы бьют фонтаном по дугам с двух сторон, затихает",30,2.3
55-rofl.tgs,🤣,"угар, ору, катаюсь, ржака, лмао","rofl, lmao, rolling, dying, laughing",">▽< откидывается назад и катится колесом на полный оборот, слёзы слетают по касательной, приземляется набок и доржает",31,1.9
35-kao-happy.tgs,😊,"радуюсь, счастлив, мило, ура, ^^","happy, glad, yay, cute, ^^","^‿^ танцует два шага на бит: перенос веса влево-вправо с наклоном и приседом, на каждом шаге щёки вспыхивают ✦",30,1.8
58-heart-eyes.tgs,😍,"влюбился, обожаю, красота, вау, love","love, heart eyes, crush, adore, wow","♥_♥ сердца-глаза делают двойной удар, на втором выпрыгивают вперёд на 150% и тянут за собой лицо",30,1.4
59-kiss.tgs,😘,"чмок, целую, поцелуй, люблю, муа","kiss, mwah, love, xoxo, smooch","-3- собирает губы, подмигивает и чмокает — сердечко выстреливает по дуге с растяжкой, лицо откидывает отдачей",30,2.0
39-kao-wink.tgs,😉,"подмигиваю, намёк, хитро, ;), договорились","wink, ;), hint, deal, flirty","^_- голова наклоняется, глаз подмигивает щелчком — из него выстреливает ✦, уголок рта поднимается",30,1.8
66-smirk.tgs,😏,"ухмылка, ну-ну, хитрый, флирт, я знаю","smirk, sly, flirt, i know, heh","¬‿¬ веки полуопущены, ухмылка ползёт в один угол, «ну-ну» бровями дважды и ✦ на уголке рта",29,2.1
68-cool.tgs,😎,"круто, кайф, чил, в очках, стиль","cool, sunglasses, chill, swag, boss","Y2K-очки-щиток съезжают с макушки на глаза, кивок, по линзам проходит латексный блик и ✦",32,1.7
70-party.tgs,🥳,"праздник, ура, др, туса, вечеринка","party, celebrate, birthday, yay, hooray","колпак прыгает на голову, морда ^▽^ дует в дудку — дудка разворачивается, хлопок конфетти веером с дугами и вращением",30,3.6
71-devil.tgs,😈,"хитрый, дьявол, злодей, задумал, хехе","devil, evil, naughty, scheme, hehe","из макушки прорастают рожки, глаза щурятся, ухмылка расползается до ушей, хвост-стрелка щёлкает кнутом, «хе-хе» трясёт плечами",30,1.9
81-angel.tgs,😇,"ангел, невинный, я не я, святой, мило","angel, innocent, halo, saint, not me","^‿^ над головой опускается нимб-люверс, качается в 3D (наклоняется эллипсом), вокруг ✦ по очереди",29,2.3
42-kao-tongue.tgs,😛,"бе-бе, дразню, язык, прикол, :P","tongue, :p, teasing, bleh, silly","-_- показывает язык: он выстреливает вниз и болтается влево-вправо «бе-бе», глаза жмурятся",30,1.4
02-acid-xx.tgs,🤪,"кислота, угар, трип, диджей, скретч, безумие","acid, crazy, trip, dj, scratch, wild","кислотный смайл — пластинка: DJ-скретч туда-сюда, отпускает — полный оборот, подтёки срываются центробежно и заново стекают",34,2.5
38-kao-tear.tgs,😅,"неловко, хех, упс, пот, фух","awkward, sweat smile, heh, oops, phew","^_^ неловко хихикает мелкой дрожью, по виску скатывается большая капля пота",30,1.4
80-salute.tgs,🫡,"есть, так точно, уважение, принял, o7","salute, o7, yes sir, respect, roger","o7: голова-люверс кивает, рука-«7» взлетает к виску со щелчком и дрожит от напряжения, ✦",32,1.4
64-think.tgs,🤔,"хм, думаю, сомнительно, вопрос, идея","hmm, thinking, doubt, idea, wondering","o_O: один глаз щурится, бровь лезет на лоб, над головой пишется «?» — и переворачивается в «!» (дошло), глаза распахиваются",30,2.6
79-moai.tgs,🗿,"моаи, ну да, бро, серьёзно, каменное лицо","moai, stone face, bruh, deadpan, sure","каменная морда стоит, бровь-глазница медленно ползёт вверх — и резкий «бум»-зум",31,0.8
67-unamused.tgs,😒,"фу, недоволен, ну и?, скептик, пфф","unamused, meh, side eye, skeptical, pfft","¬_¬ медленно косит в сторону, вся морда отворачивается (параллакс), держит паузу и цыкает",29,1.6
65-eyeroll.tgs,🙄,"закатываю глаза, ой всё, бесит, скучно, ну да","eye roll, whatever, ugh, bored, sure","зрачки уезжают по дуге под самый верх люверсов со смазом, веки падают, долгий вздох и медленный возврат",30,2.2
37-kao-meh.tgs,😑,"пофиг, ну и, мда, без эмоций, -_-","meh, whatever, deadpan, bored, -_-","-_- долго ничего, потом над головой по одной печатаются три точки «…» и гаснут разом",31,1.5
76-sleep.tgs,😴,"сплю, спать, устал, zzz, скучно","sleep, sleepy, tired, zzz, bored","-_- клюёт носом: медленно оседает и дёргается вверх, zZz поднимаются по волне и растворяются, из носа надувается пузырь и лопается",29,2.1
63-flushed.tgs,😳,"стыдно, смущён, покраснел, ой, неловко","flushed, embarrassed, blush, oops, awkward","O_O: по щекам прорастает штриховка румянца ////, из макушки пыхает пар — морда съёживается и прячется вниз, потом робко выглядывает",29,2.7
69-peek.tgs,🫣,"подглядываю, стесняюсь, ой, не смотрю, палево","peek, peeking, shy, lurking, oops","|ω・) морда подглядывает из-за стены: высовывается, моргает люверсом, замечает тебя — прячется и снова медленно выглядывает",31,2.1
77-grimace.tgs,😬,"неловко, упс, кринж, ой-ой, зубы","grimace, awkward, yikes, cringe, eek","оскал-решётка: морда отшатывается назад и сжимается, зубы стучат дрожью по 2 кадра, по виску катится капля",29,3.1
78-clown.tgs,🤡,"клоун, цирк, кринж, пранк, шут","clown, circus, joke, prank, cringe","нос-шар надувается, «хонк» — нос сплющивается и отпружинивает, кудри по бокам подпрыгивают с запаздыванием",29,2.5
60-rage.tgs,😡,"бесит, злой, ярость, гнев, сука","angry, rage, mad, furious, pissed","злость копится: лицо дрожит всё сильнее, вена ╬ набухает, на пике из ушей бьёт пар и морду трясёт",30,3.8
61-swear.tgs,🤬,"мат, сука, бля, ругаюсь, #$%!","swearing, cursing, #$%!, wtf, furious","рот-табло: глифы #$%@! перещёлкиваются как на flip-табло, злые глаза, голову трясёт на каждом ругательстве",33,4.0
34-kao-squeeze.tgs,😣,"терплю, держусь, больно, жмурюсь, >_<","persevere, hang in, ouch, squeeze, >_<",">_< жмурится сильнее и сильнее — морда сжимается рывками с дрожью, потом выдох: распрямляется с перелётом",29,1.5
62-scream.tgs,😱,"ужас, аааа, шок, кошмар, страшно","scream, horror, shock, omg, terrified","O□O: лицо приседает и вытягивается вверх на 140%, глаза-люверсы выстреливают, рот-коробка орёт, всё дрожит",31,1.8
40-kao-shock.tgs,😲,"в шоке, ого, что?!, челюсть отвисла, ааа","shocked, whoa, jaw drop, what, astonished","O_O: глаза-люверсы выпрыгивают вперёд, челюсть падает вниз и вытягивается, со стуком возвращается",31,1.7
75-mind-blown.tgs,🤯,"мозг взорван, офигеть, шок, вау, не может быть","mind blown, shocked, wow, no way, boom","O_O: череп-дуга над глазами трескается и разлетается осколками с ударным кольцом, облако — и всё отматывается назад",32,3.7
57-plead.tgs,🥺,"ну пожалуйста, умоляю, щенячьи глаза, милота","please, pleading, puppy eyes, cute, begging","брови домиком, глаза-люверсы раздуваются огромными, в зрачках дрожит ✦-блик, губа трясётся",31,2.8
36-kao-cry.tgs,😢,"грустно, плачу, обидно, слеза, эх","sad, crying, tear, upset, hurt","o_o: в уголке глаза набухает одна слеза, дрожит, срывается и катится по щеке, губа дрожит",31,1.9
56-sob.tgs,😭,"рыдаю, плачу, горе, ревёт, тт","sob, crying, tears, sad, t_t","T_T рыдает: из-под глаз бьют два ручья до самого низа, рот-волна дрожит, всхлипы подбрасывают лицо",31,5.1
73-melt.tgs,🫠,"таю, плыву, всё, растекаюсь, неловко","melting, melt, dying, awkward, ugh","улыбка держится, но глифы тянутся вниз подтёками, капли срываются в растущую лужу — и всё отматывается назад",33,2.6
74-dizzy.tgs,😵‍💫,"голова кругом, плыву, штормит, уф, кружится","dizzy, woozy, spinning, confused, dazed","@_@ спирали крутятся, голова ходит восьмёркой всё шире, ✦ летают орбитой — и она заваливается набок почти в обморок, встряхивается",29,2.8
82-nausea.tgs,🤢,"тошнит, фу, мерзко, укачало, бе","nauseated, sick, gross, ew, queasy","щёки раздуваются шарами, лицо позеленело — зажмуривается, глотает (всё сжимается вниз) и снова пухнет",29,2.1
33-kao-xx.tgs,😵,"нокаут, всё, вырубило, x_x, умер","knocked out, ko, dead, x_x, dizzy","x_x получает удар сверху: морду сплющивает в блин, X-глаза подскакивают, пружинит обратно и качается",31,1.6
72-skull.tgs,💀,"умер, я всё, смешно до смерти, череп, кринж","dead, skull, im dead, lmao, cringe","жирный череп клацает челюстью в ритм 120 BPM (три клака), на каждом ударе из углов челюсти летят искры, потом замирает и медленно наклоняется",30,2.5
83-eyes.tgs,👀,"глаза, смотрю, палю, интересно, слежу, чё там","eyes, looking, watching, drama, sus, tea","глаза-люверсы косятся влево, зрачки стреляют вправо со смазом и бьются о край, двойной взгляд — выпучиваются на тебя, в зрачках вспыхивает ✦, моргают вразнобой",31,2.6
84-fire.tgs,🔥,"огонь, жара, пушка, горит, топ","fire, lit, hot, flames, banger","X-пламя лижет языками вразнобой, приседает и вспыхивает — угли-язычки рвутся вверх по дугам, логотип-X в сердцевине раздувается",30,6.8
85-hundred.tgs,💯,"сто, 100, точно, в точку, топ, база","100, hundred, perfect, facts, exactly","подчёркивания втягиваются, по «100» прокатывается волна прыжков 1-0-0, каждая черта хлёстко дописывается кистью на приземлении, нули-люверсы подмигивают",30,2.1
86-check.tgs,✅,"готово, да, сделано, принято, ок, чек","done, check, yes, approved, ok, complete","кисть одним росчерком закрашивает галочку, плашка проваливается в точку, жирная галочка остаётся одна и раздувается — плашка прыгает обратно 108→92→100 и галочка выворачивается в вырез, по углу ✦-блик",29,1.5
87-cross.tgs,❌,"нет, отказ, мимо, неверно, крест, стоп","no, nope, wrong, denied, cross, rejected","X из двух ремней с люверсами отрывается как штамп (под ним бледный оттиск), бьёт с разворота — 1 кадр 107/93, брызги-подтёки в стороны, по люверсам бежит эхо",33,3.6
88-heart.tgs,❤️,"сердце, люблю, love, лайк, обожаю","heart, love, like, adore, <3","лаковое сердце набирает воздух и тянется вверх — лаб-даб, на втором ударе блик вспыхивает ✦ и с боков отлетают две ✦-искры, досадка затухает",29,1.6
89-broken-heart.tgs,💔,"разбитое сердце, больно, грусть, расстался, эх","broken heart, heartbreak, sad, hurt, breakup","сердце бьётся, дрожит — трещина щёлкает раз, два, и половинки отваливаются на шарнире-кончике, качаются, с разлома капает, потом срастаются",32,1.8
90-sparkles.tgs,✨,"блеск, искры, красота, вау, магия, глянец","sparkles, shine, magic, glam, wow","большая ✦ заряжается, вспыхивает острее и поворачивается на 90°, выбрасывает микро-искры — малые ✦ отвечают по очереди 140/124, потом волна мерцания",30,2.2
91-zap.tgs,⚡,"молния, разряд, энергия, быстро, мощь, заряд","zap, lightning, energy, fast, power, electric","молния втягивается в ✦-заряд наверху, заряд сжимается и — разряд: молния прошивает вниз с растяжкой, удар кольцом и искрами, трещит и мигает",29,2.3
92-question.tgs,❓,"вопрос, что, чего, а, не понял, хм","question, what, huh, confused, hmm","«?» медленно склоняет голову-крючок «хм…», потом вертит ей «а?! а?» — рядом выскакивает мини-«!», точка-люверс семенит следом с отставанием и сплющивается на разворотах",29,2.0
93-exclaim.tgs,❗,"важно, внимание, восклицание, ого, срочно","important, attention, exclamation, alert, urgent","«!» приседает, вздёргивается вверх и молотом бьёт по точке-люверсу: точка сплющивается и звенит дыркой, удар расходится веером линий, ✦-блик, позже эхо-тап",29,1.8
14-barbed-heart.tgs,💓,"сердце в проволоке, больно, держусь, тяжело, колючка","barbed heart, hurts, holding on, pain, wire","колючая проволока затягивается петлёй — сердце перетягивает в талию, оно дрожит, набирает силы и рвёт проволоку: обрывки отлетают, потом проволока снова вползает",32,2.5
15-dagger-heart.tgs,💘,"кинжал в сердце, ранил, больно, влюбился насмерть, ревность","dagger heart, stabbed, hurt, lovestruck, jealous","сердце выталкивает кинжал — тот улетает кувырком; сердце успевает выдохнуть, и кинжал возвращается, крутясь, вонзается с отдачей, из раны срывается капля",30,1.8
26-tribal-heart.tgs,❤️‍🔥,"горю, страсть, огонь, люблю, трайбл","on fire, passion, burning love, tribal, heart","трайбл-сердце загорается: рога-завитки лижут вверх как языки пламени вразнобой, из макушки летят угли",30,4.1
22-kiss-less3.tgs,💕,"люблю, <3, чмок, сердечко, обнимаю","love, <3, kiss, heart, hugs","«<» и «3» подмигивают друг другу, съезжаются — и плавятся в одно сердце: «чмок», ✦, сердце держится, потом снова распадается на <3",32,2.9
04-tramp-stamp.tgs,💝,"сердце с крыльями, люблю, подарок, лечу, тату","winged heart, love, gift, flying, tattoo","сердце-тату с поднятыми крыльями делает два мощных взмаха — перья раскрываются веером с запаздыванием, сердце подлетает, зависает и планирует вниз",29,2.4
10-club-key.tgs,🔑,"ключ, открыть, доступ, клуб, пропуск","key, unlock, access, club, pass","ключ-сердце входит в скважину и туго проворачивается ребром — щелчок, дрожь — его отпускают, и он докручивается по инерции тяжёлым оборотом, на головке ✦",29,3.0
13-dagger-cross.tgs,🗡️,"кинжал, нож, удар, бей, клинок","dagger, knife, stab, blade, strike","кинжал выдёргивают из земли с усилием, он взмывает — и вонзается обратно: трещина, пыль, клинок дребезжит «твэнг» с затуханием и фантомами",32,2.3
18-spike-collar.tgs,⛓️,"чокер, ошейник, цепь, дерзко, шипы","choker, collar, chain, spiked, edgy","чокер с шипами дёргают как поводок — рывок вверх, сердце-жетон с замочной скважиной раскачивается маятником с досадкой, второй рывок поменьше, ✦ на шипе",30,1.9
19-thorn-star.tgs,⭐,"звезда, топ, лучший, успех, шипы","star, top, best, winner, thorns","звезда с шипами приседает и подброшена монеткой — два оборота через голову в воздухе (с торцом), приземляется с отдачей, на луче вспыхивает ✦",31,2.9
23-dot-star.tgs,🌟,"звезда, сияю, огни, топ, праздник","star, shine, lights, glowing, party","звезда из жирных точек-лампочек: по контуру бежит огонёк (волна 2f), обегает круг — и звезда вспыхивает сплошной с ✦, потом снова рассыпается на лампочки",29,3.2
28-tribal-cross.tgs,✝️,"крест, вера, святое, gothic, аминь","cross, faith, holy, gothic, amen","готический крест тяжело покачивается, собирается в центр и выстреливает лучами по очереди, вспыхивает ✦",30,1.5
27-tribal-eye.tgs,👁️,"вижу, слежу, палю, глаз, око","i see you, watching, eye, all seeing, stare","трайбл-око закрыто — распахивается, лучи выстреливают по кругу с задержкой, X-зрачок проворачивается, моргает",30,1.6
24-print-scan.tgs,🫆,"отпечаток, это я, подтверждаю, доступ, скан","fingerprint, its me, verified, access, scan","отпечаток-гравюра в рамке сканера: линия пробегает сверху вниз, уголки рамки защёлкиваются, гребни вспыхивают волной от центра, ✦",30,3.3
25-mask-glyphs.tgs,🎭,"маска, хоррор, маньяк, пятница, джейсон","mask, horror, slasher, creepy, jason","хоккейная маска медленно поворачивается к тебе (параллакс прорезей), в прорезях вспыхивают глаза и косятся, по кромке — блик ножа ✦",30,3.5
21-teddy-skull.tgs,🧸,"мишка, плюшевый, мило, жутко-мило, рейв","teddy, plush, cute, creepy cute, rave","готик-мишка с глазами-X качает головой под бас: два кивка, на третьей доле хедбэнг — уши-люверсы болтаются с отставанием, глаза жмурятся, кости позади щёлкают ножницами",30,3.5
03-sigil-x.tgs,🕷️,"паук, сигил, жуть, свисаю, готика","spider, sigil, creepy, hanging, goth","паук-сигил подтягивается по нити, поджимает лапы — и срывается вниз, пружинит на нити, лапы дёргаются, раскачивается маятником",30,2.9
43-scorpion-sigil.tgs,🦂,"скорпион, ужалю, опасно, тату, яд","scorpion, sting, danger, tattoo, venom","скорпион взводит хвост назад (антиципация) и бьёт жалом вперёд с ударом, клешни щёлкают дважды, на жале ✦",29,3.1
31-cyber-butterfly.tgs,🦋,"бабочка, лёгкость, влюблена, порхаю, y2k","butterfly, flutter, crush, light, y2k","кибер-бабочка с люверсами на крыльях складывает их как страницы (fake-3D), два взмаха с подъёмом, парит, крылья обгоняют друг друга на 3 кадра",29,2.5
32-swallow.tgs,🐦,"ласточка, лечу, свобода, тату, птичка","swallow, flying, freedom, tattoo, bird","тату-ласточка делает мёртвую петлю: разгон взмахами, круг с креном по касательной, выход в парение, хвост-ножницы щёлкают",31,1.8
17-winged-x.tgs,🪽,"крылья, лечу, свобода, взлёт, ангел","wings, flying, free, take off, angel","X с настоящими крыльями: поджимает их (антиципация), мощный взмах — взлетает с растяжкой, перья волной отстают от «руки» крыла, трепещет, планирует; одно перо отрывается и кружит вниз",30,3.4
41-patch-x.tgs,🩹,"пластырь, заживёт, береги себя, ранен, ой","bandage, heal, get well, hurt, patch","пластырь-X шлёпается и натягивается, переворачивается через длинную ось как блин (360 с торцом), прилипает — ✦",31,2.7
30-club-banner.tgs,🪩,"клуб, туса, вечеринка, club, рейв","club, party, rave, night out, banner","лента CLUB разворачивается из центра, хвосты выхлёстывают, табличка качается на бит, в конце сворачивается обратно",29,1.5
94-lol.tgs,😆,"лол, ахах, ржу, смешно, lol","lol, haha, lmao, funny, laughing","табло LOL: буква O подпрыгивает от смеха, плитки перещёлкиваются в HA! и обратно",31,2.5
95-omg.tgs,😲,"омг, боже, офигеть, omg, капец","omg, oh my god, wow, shocked, no way","OMG бьёт по табло: плитки откидываются назад от шока (растяжка), перещёлкиваются в !!! и возвращаются",31,2.8
96-wtf.tgs,🤨,"втф, чё, что за, wtf, прикол","wtf, what, huh, what the, seriously","табло сбоит: плитки глитчем перещёлкиваются через мусорные символы и встают WTF криво, потом выравниваются",33,4.3
97-ok.tgs,👌,"ок, окей, понял, принято, ok","ok, okay, got it, fine, roger","две плитки OK кивают всем табло, перещёлкиваются в +1 и обратно, ✦",32,2.3
98-no.tgs,🙅,"нет, не, неа, отказ, no","no, nope, nah, no way, denied","плитки NO мотают «нет» всем табло — влево-вправо с затуханием, на последнем мотке O подскакивает",32,2.0
99-yes.tgs,✅,"да, ага, конечно, yes, согласен","yes, yep, sure, agreed, yeah","YES: плитки подпрыгивают волной по очереди, S приземляется последней с ударом",32,2.6
